population,controlled_requested_percent,profile,samples,proposal_odds_multiplier,targeted_event_count,importance_estimate,importance_95_low,importance_95_high,effective_sample_size,exact_probability,relative_error_vs_exact,estimate_kind
150,10,q25_22_17,20000,20.999999999999996,0,0.0,0.0,0.0,1.2776302183159405,0,,modeled_importance_sampling
150,10,q60_44_41,20000,20.189189189189186,0,0.0,0.0,0.0,1.961620758752052,0,,modeled_importance_sampling
150,20,q25_22_17,20000,9.333333333333332,7428,5.384471821300768e-09,5.206708041613389e-09,5.562235600988147e-09,10.55343717500931,5.4169304217792769809120841404427303648804273746181794911914830177536391437404876E-9,-0.005992065238277038,modeled_importance_sampling
150,20,q60_44_41,20000,8.972972972972972,0,0.0,0.0,0.0,6.603160027840868,0,,modeled_importance_sampling
150,25,q25_22_17,20000,6.877192982456138,9276,7.5585267834644e-07,7.34340857983409e-07,7.773644987094709e-07,3.9432242227877734,7.6622339864232813939492827581065756381205432974893905440475759771064543775954808E-7,-0.013534851995206655,modeled_importance_sampling
150,25,q60_44_41,20000,6.61166429587482,0,0.0,0.0,0.0,1.6302833649604465,0,,modeled_importance_sampling
150,30,q25_22_17,20000,5.444444444444444,10299,1.7648343035548176e-05,1.7186587701784348e-05,1.8110098369312005e-05,2.859602246661102,0.000017933382920607810769204685385175301642198023383189828119127198467799371370810347,-0.015894373433139965,modeled_importance_sampling
150,30,q60_44_41,20000,5.234234234234234,105,1.3254214262939124e-17,7.912356325856584e-18,1.8596072200021664e-17,1.3097813615859037,1.2079408431587315139284408577258520986075502534513494199312086568958052648899275E-17,0.09725690111443905,modeled_importance_sampling
150,33.33,q25_22_17,20000,4.666666666666667,10949,0.00010994815284728466,0.00010721484019933473,0.00011268146549523459,11.590466423249538,0.00011048215628105900114795451090230956102510463663863046144696942216042744991406649,-0.00483339076416895,modeled_importance_sampling
150,33.33,q60_44_41,20000,4.486486486486487,592,7.84527752664661e-14,6.66437807452969e-14,9.026176978763531e-14,4.076672098373209,7.5456558611704195859926567260633823542308316570258322805772634088555581952151743E-14,0.039707836003763305,modeled_importance_sampling
150,35,q25_22_17,20000,4.270440251572327,11226,0.0002933345442920678,0.0002863095132448392,0.00030035957533929643,28.171405220937068,0.00028782554092730851121545063117882672282378669170639884252112930663312148803907946,0.019140078211997903,modeled_importance_sampling
150,35,q60_44_41,20000,4.105558388577257,1117,4.44421754526245e-12,3.973170930565173e-12,4.915264159959728e-12,11.746729970830266,4.3247282086039255000458956623911199568308443065020199752135865370041597906469653E-12,0.027629328571632274,modeled_importance_sampling
150,40,q25_22_17,20000,3.499999999999999,11693,0.0019492720896058945,0.0019054265910109795,0.0019931175882008092,30.329618696644328,0.0019630540783444351890136140953482169186622558730202121426814071880168017307227464,-0.007020687249820388,modeled_importance_sampling
150,40,q60_44_41,20000,3.364864864864864,2731,7.494046017011106e-09,7.030312700156358e-09,7.957779333865853e-09,9.780742196423189,7.1983207923616411145639367096285049155478713486234555991930755699309737828986290E-9,0.041082529270335934,modeled_importance_sampling
150,45,q25_22_17,20000,2.813725490196078,12068,0.011599533192927907,0.011365553232048698,0.011833513153807115,277.27688430177733,0.011396953921437209548757567517782400794262500753763799166430957840693393585281499,0.0177748609748833,modeled_importance_sampling
150,45,q60_44_41,20000,2.7050874403815577,4677,3.6418859889163124e-06,3.4876538796693133e-06,3.7961180981633115e-06,33.13133983355963,0.0000035662316640447378954937444304006141965492486744713814941468493037236285521757799,0.021214080294988214,modeled_importance_sampling
300,10,q25_22_17,20000,20.999999999999996,7086,3.8576102692053e-14,3.7203501779844265e-14,3.994870360426173e-14,1.2807964610216422,3.9543462390952309522879943358800082425972749620457017065882630644213432173473673E-14,-0.024463201763552322,modeled_importance_sampling
300,10,q60_44_41,20000,20.189189189189186,0,0.0,0.0,0.0,2.0375499433994464,0,,modeled_importance_sampling
300,20,q25_22_17,20000,9.333333333333332,11205,5.268360879679616e-08,5.1247272976576455e-08,5.411994461701587e-08,6.406823190150191,5.2322648681745147656898621459949262295665526225128213527138225779872794375326331E-8,0.006898735521715813,modeled_importance_sampling
300,20,q60_44_41,20000,8.972972972972972,1716,1.6231771629896824e-21,1.4672288050620329e-21,1.779125520917332e-21,2.2130034156133154,1.5583481909606284833010491803475146144985705458713679647556620789085351821826925E-21,0.04160108273946834,modeled_importance_sampling
300,25,q25_22_17,20000,6.999999999999999,11719,2.460823558880961e-06,2.3963973180359636e-06,2.525249799725959e-06,1.1720435571288095,0.0000024669837775677409034395235753576983254464124472662702227398635569971834232402020,-0.002497064935243884,modeled_importance_sampling
300,25,q60_44_41,20000,6.729729729729729,3910,5.737956700835193e-16,5.424140223966775e-16,6.051773177703612e-16,1.0415190330842592,5.5446281790757302565699878055529742746650488862952730419036544677011485713019377E-16,0.03486771619583875,modeled_importance_sampling
300,30,q25_22_17,20000,5.444444444444444,12071,4.5991970018040386e-05,4.484309224063195e-05,4.714084779544882e-05,9.027935149619118,0.000046385315921709891114571004549149999519201102000570845783130579331416877356875788,-0.00847996603781685,modeled_importance_sampling
300,30,q60_44_41,20000,5.234234234234234,5712,4.188538144338232e-12,4.010595090527527e-12,4.3664811981489375e-12,3.248564223806252,4.2882986263274210417994702007724063743409308733495454362301729322725134815837802E-12,-0.02326341765863115,modeled_importance_sampling
300,33.33,q25_22_17,20000,4.666666666666667,12258,0.00022356125707044807,0.000218123566062411,0.00022899894807848514,21.464670080132617,0.00022979864710107013880822544965910710373053797562843550030255201834837449680108390,-0.02714284922608242,modeled_importance_sampling
300,33.33,q60_44_41,20000,4.486486486486487,6690,4.69870768760616e-10,4.5197286293946785e-10,4.877686745817642e-10,2.8462926996133353,4.6360023612503303971070593067246543988832567279832811213114250711123505531513165E-10,0.01352573218683995,modeled_importance_sampling
300,35,q25_22_17,20000,4.333333333333333,12453,0.0004716933384355223,0.0004607022508031454,0.0004826844260678992,16.709237562082034,0.00046976141987204688756050880936930703396306904883906668530779703750608171995878849,0.004112552631507343,modeled_importance_sampling
300,35,q60_44_41,20000,4.166023166023166,7237,3.600594160335008e-09,3.470503463077152e-09,3.730684857592864e-09,6.045911906743441,3.6144337654471737760758533413694985768618231152961861022241397352727020692457288E-9,-0.0038289829086005,modeled_importance_sampling
300,40,q25_22_17,20000,3.499999999999999,12709,0.00305323051002164,0.002986628095327493,0.003119832924715787,48.600233159770035,0.0030256708671914046993922832953920839386120863400812967065890753415918295143215144,0.009108605674554975,modeled_importance_sampling
300,40,q60_44_41,20000,3.364864864864864,8270,6.845320284986432e-07,6.627720163282328e-07,7.062920406690536e-07,1.817870257651108,6.8540957342945004768225300886726949748910523700981627575580366414607451804022376E-7,-0.0012803219634299058,modeled_importance_sampling
300,45,q25_22_17,20000,2.8518518518518516,12863,0.013717042657349458,0.013442431352106769,0.013991653962592148,40.234451186629634,0.013702355859779873805515535652636284478043567055624611093792708617061873788162899,0.0010718447046535935,modeled_importance_sampling
300,45,q60_44_41,20000,2.7417417417417416,9146,4.360847197598096e-05,4.238401060291474e-05,4.4832933349047186e-05,6.640533401724411,0.000043096912881378503340913718770913297150057975556986514923121281007946334083900583,0.011869970733414023,modeled_importance_sampling
500,10,q25_22_17,20000,20.999999999999996,10284,3.79350234098149e-13,3.6798534353646216e-13,3.907151246598358e-13,5.1597288496700475,3.8210669059475894922111901897238999464375396861461860130238483316450539348751976E-13,-0.007213839915546764,modeled_importance_sampling
500,10,q60_44_41,20000,20.189189189189186,307,1.7657274624308824e-36,1.343470340409198e-36,2.187984584452567e-36,1.505642939990735,1.3991390262518939166234939434858090126048467809035432705631759561084776058917897E-36,0.2620100142307014,modeled_importance_sampling
500,20,q25_22_17,20000,9.333333333333332,12161,1.0587434944003316e-07,1.0299582483568934e-07,1.0875287404437698e-07,5.235297021322196,1.0629878820549232567494213147736994552537082351027167170732225502770578382108540E-7,-0.003992884327511416,modeled_importance_sampling
500,20,q60_44_41,20000,8.972972972972972,6118,1.1985005598720509e-18,1.1460701656575397e-18,1.250930954086562e-18,1.729427200956047,1.2148124893933453732634117944583889327959019765343009782448761176930275463166868E-18,-0.013427528662831204,modeled_importance_sampling
500,25,q25_22_17,20000,6.999999999999999,12602,3.972427183115375e-06,3.869851814681193e-06,4.075002551549556e-06,9.600179880587284,0.0000039453112680262566072532816754920072218730154446567440908916376109567262171547649,0.006872946960832276,modeled_importance_sampling
500,25,q60_44_41,20000,6.729729729729729,7769,3.095162100665017e-14,2.978859534278742e-14,3.211464667051292e-14,2.2825330857937187,3.0388203410256507955620301535493637246060129765504854879759075240487365750720748E-14,0.018540668192430866,modeled_importance_sampling
500,30,q25_22_17,20000,5.444444444444444,12763,6.37928024450757e-05,6.221843641684875e-05,6.536716847330264e-05,14.303145563411414,0.000063956866616419613068990810119581085713283234677427200802924607633826746633286194,-0.002565231538434889,modeled_importance_sampling
500,30,q60_44_41,20000,5.234234234234234,8622,5.6845750031484845e-11,5.487478975636322e-11,5.881671030660647e-11,15.962662449163723,5.7826140767284423789484876862658351921346671852883580364240713075615285169981765E-11,-0.016954109729457205,modeled_importance_sampling
500,33.33,q25_22_17,20000,4.6526946107784415,12821,0.0002977698601791499,0.00029061746136976933,0.00030492225898853044,15.72969453958432,0.00030379072352563538447662441205877934240217535935694625068905648916972471265626636,-0.019819115200788592,modeled_importance_sampling
500,33.33,q60_44_41,20000,4.473053892215567,9267,3.5584110062036075e-09,3.4414729613011275e-09,3.6753490511060875e-09,1.0964961845999128,3.6383304260871852558711967024473174800278922920090330717204543214782164170219739E-9,-0.02196595980138244,modeled_importance_sampling
500,35,q25_22_17,20000,4.333333333333333,12983,0.0005961099626223682,0.0005823929519378886,0.0006098269733068477,25.965357413494353,0.00058619247420893256612060705818513264454311578289856384425674156016770057226727180,0.016918484712413438,modeled_importance_sampling
500,35,q60_44_41,20000,4.166023166023166,9497,2.0072017615259158e-08,1.9431138735793038e-08,2.0712896494725278e-08,24.788162146910146,2.0532893503387848671411906616901686051608581521942796925612587908753499991445702E-8,-0.022445735086126458,modeled_importance_sampling
500,40,q25_22_17,20000,3.499999999999999,13120,0.003515728435872716,0.0034393891812193864,0.0035920676905260456,42.47283624122165,0.0035181626915403122810509505266837257330926426544078331381498796974472859917855620,-0.000691911057282721,modeled_importance_sampling
500,40,q60_44_41,20000,3.364864864864864,10214,2.1711985324883787e-06,2.1079991018539803e-06,2.234397963122777e-06,10.7648124510982,0.0000021816664212639457680838364025691526410860519303659965571586687923775652221009992,-0.004798116097649113,modeled_importance_sampling
500,45,q25_22_17,20000,2.8518518518518516,13182,0.015213910951578168,0.014911714214953993,0.015516107688202342,57.71926988646033,0.015134228684183608819124724461145181682843156552049109019504363496361844284485000,0.005265036564290393,modeled_importance_sampling
500,45,q60_44_41,20000,2.7417417417417416,10613,9.112115712379749e-05,8.871065665740226e-05,9.353165759019272e-05,8.137102015052507,0.000091327684761559142654018926223876363447814842957397269517108323521699546905864699,-0.002261391365617783,modeled_importance_sampling
1500,10,q25_22_17,20000,20.999999999999996,12687,2.293408305039579e-12,2.2273360386235005e-12,2.3594805714556578e-12,3.192535149383035,2.2732556344136134240379385518369055331214618268423245477712047702088536224505626E-12,0.008865114121300291,modeled_importance_sampling
1500,10,q60_44_41,20000,20.189189189189186,8182,2.008322428985337e-29,1.9275074478195634e-29,2.0891374101511106e-29,2.494937305358652,1.9921970112821912433775610197320604305037545899355800526117366171662552113932970E-29,0.008094288673170597,modeled_importance_sampling
1500,20,q25_22_17,20000,9.333333333333332,13110,1.963512523996035e-07,1.9099172847814207e-07,2.0171077632106496e-07,1.669569264250423,1.9964685324065803698673356508859347273819786567626480898203377661759797982291086E-7,-0.01650715144045851,modeled_importance_sampling
1500,20,q60_44_41,20000,8.972972972972972,10425,1.1673294272509215e-16,1.1263237395711312e-16,1.2083351149307119e-16,1.0586985716774706,1.1729481593848809380519097094693070133146936546750779611389662968983269382297998E-16,-0.004790264675385161,modeled_importance_sampling
1500,25,q25_22_17,20000,6.999999999999999,13181,5.904402081654768e-06,5.749324491375024e-06,6.059479671934513e-06,8.065097493977754,0.0000060382140316725213080566735502822387805512092565005707508845561717415770603632958,-0.02216084910469608,modeled_importance_sampling
1500,25,q60_44_41,20000,6.729729729729729,10965,5.898506364089075e-13,5.699286437200602e-13,6.097726290977547e-13,1.6306707470136383,6.0597228870578198442706030502078110399220414253307745836625439561848735567729947E-13,-0.026604603209342527,modeled_importance_sampling
1500,30,q25_22_17,20000,5.444444444444444,13384,8.56202118146256e-05,8.350297306470097e-05,8.773745056455022e-05,9.811926019948656,0.000085871469357382313959899419878699135830164577504653700905361251782521188390854539,-0.002925972323951081,modeled_importance_sampling
1500,30,q60_44_41,20000,5.234234234234234,11295,4.3695572025822006e-10,4.229478952263742e-10,4.509635452900659e-10,2.0343779805888653,4.4232560319578869883716089241246829720580588380529732989612811558516212436522117E-10,-0.012140113298374324,modeled_importance_sampling
1500,33.33,q25_22_17,20000,4.666666666666667,13365,0.0003695617384588522,0.00036076567579927714,0.00037835780111842725,16.1081067168354,0.00037214462213439493646193474194362109849075783741549671487102521221870299544424577,-0.006940537419911884,modeled_importance_sampling
1500,33.33,q60_44_41,20000,4.486486486486487,11316,1.6208591273018394e-08,1.570701816200819e-08,1.67101643840286e-08,17.96864999965509,1.6451371929316519423484650730929196526149874829468927031603626611102438648905474E-8,-0.01475747173799455,modeled_importance_sampling
1500,35,q25_22_17,20000,4.333333333333333,13397,0.0007278386612062955,0.0007110347903345646,0.0007446425320780264,22.3634682634813,0.00071938123281966266803741988806900215099696085812311966266243886326113021487832858,0.011756531864868615,modeled_importance_sampling
1500,35,q60_44_41,20000,4.166023166023166,11452,8.344783377799265e-08,8.094581908528648e-08,8.594984847069882e-08,8.506068466572847,8.3006332481725044456560890769552111951240410648314016326822488598222602039325109E-8,0.005318886921847896,modeled_importance_sampling
1500,40,q25_22_17,20000,3.499999999999999,13357,0.0039852420110324405,0.0038980919581141564,0.004072392063950724,53.499203062601616,0.0040478934278139037164600556084782291891994124186152908586604997216680521808550022,-0.01547753613051483,modeled_importance_sampling
1500,40,q60_44_41,20000,3.364864864864864,11567,5.607830080425739e-06,5.449897665160789e-06,5.765762495690688e-06,1.9586979454332762,0.0000056329643227759619245185489454999330846954633739334795208743773299011546700911969,-0.004461992107529736,modeled_importance_sampling
1500,45,q25_22_17,20000,2.8518518518518516,13524,0.016472544473728548,0.016144287116317626,0.01680080183113947,106.35069409013175,0.016606728537637983525627378743482647271794548478405001465541253992698460006482611,-0.008080102207085325,modeled_importance_sampling
1500,45,q60_44_41,20000,2.7417417417417416,11649,0.00017043190565163512,0.00016604504291262004,0.00017481876839065019,3.9538753855585638,0.00017034597089777773402308264453163121121524659798255325499638337052147669913455206,0.000504471889792769,modeled_importance_sampling
5000,10,q25_22_17,20000,20.999999999999996,13401,3.885098436990166e-12,3.771122902118102e-12,3.999073971862231e-12,13.336700869157147,3.9176059152926017530755844047082941483632646941064758001706551923564168803669581E-12,-0.008297791816052995,modeled_importance_sampling
5000,10,q60_44_41,20000,20.189189189189186,11194,7.304885043476725e-28,7.031697835976495e-28,7.578072250976955e-28,3.2953290574468093,7.3674578697323319481705508887685959666757924931431206344499785127595137401013431E-28,-0.008493136623512214,modeled_importance_sampling
5000,20,q25_22_17,20000,9.333333333333332,13385,2.425711886128659e-07,2.3593886696937259e-07,2.492035102563592e-07,5.604023341118945,2.4502467019686395698074511765160946526206670266786906583959110599071198637517258E-7,-0.010013202270721631,modeled_importance_sampling
5000,20,q60_44_41,20000,8.972972972972972,11773,4.3139860098132623e-16,4.1637803182622383e-16,4.464191701364287e-16,5.0429970867328064,4.3245233075929770144810026284030883825444011129435985614466224272774964945804521E-16,-0.0024366379899521825,modeled_importance_sampling
5000,25,q25_22_17,20000,6.999999999999999,13411,6.900122353330092e-06,6.719672614184367e-06,7.080572092475816e-06,30.445528516255994,0.0000069444769661545379574135908049358404856570239542566733734648719146691180822421628,-0.0063870343354320396,modeled_importance_sampling
5000,25,q60_44_41,20000,6.729729729729729,11741,1.4458300196185652e-12,1.3972861962251462e-12,1.4943738430119843e-12,1.3355288168227324,1.4680364252654636905796939216113739624344772515162282212726415620583710890606156E-12,-0.015126603989327395,modeled_importance_sampling
5000,30,q25_22_17,20000,5.444444444444444,13504,9.485101856884373e-05,9.250913326818386e-05,9.71929038695036e-05,13.579821770998722,0.000094666471694735176087298780374189846934094833199641334978671335342477059895268729,0.0019494428260054969,modeled_importance_sampling
5000,30,q60_44_41,20000,5.234234234234234,12096,8.257480055139921e-10,7.996885229226583e-10,8.518074881053259e-10,3.8526874677434577,8.1766373120295587281860316294102106618214910666542245279468073909339388303916154E-10,0.009887040359662955,modeled_importance_sampling
5000,33.33,q25_22_17,20000,4.665266946610679,13402,0.00040670926064736827,0.00039707034888871476,0.0004163481724060218,15.817636661620222,0.00040294200387532162539536759402136564715983080444161411306494769256355667781347342,0.009349377170448356,modeled_importance_sampling
5000,33.33,q60_44_41,20000,4.485140809675904,12089,2.6653883887494018e-08,2.583536371478448e-08,2.7472404060203554e-08,17.17923425364841,2.6840621165686176617121460932082860303817627193261732597200938233426552213826435E-8,-0.006957263657924912,modeled_importance_sampling
5000,35,q25_22_17,20000,4.333333333333333,13407,0.0007684769802504528,0.0007505929274804615,0.0007863610330204441,27.748909452517967,0.00077007173299024555589345814964459197058498725649931834342625869846967309057199042,-0.002070914528442971,modeled_importance_sampling
5000,35,q60_44_41,20000,4.166023166023166,12022,1.27357645178612e-07,1.2354842260891262e-07,1.3116686774831136e-07,1.157965182706353,1.2731769487994824855200971802576070925217576626655286526737564233810119411119930E-7,0.00031378433847252583,modeled_importance_sampling
5000,40,q25_22_17,20000,3.499999999999999,13442,0.0042037882918241,0.004112253456922055,0.0042953231267261445,3.6431051149417604,0.0042418992977056115334074775300993428964491458149213878816191010227722871478031707,-0.008984420234144946,modeled_importance_sampling
5000,40,q60_44_41,20000,3.364864864864864,12196,7.615812389550729e-06,7.405095699765733e-06,7.826529079335725e-06,3.9611847838808774,0.0000075531532662930380158068517530599264427747565053057804562784845448859660040055605,0.008295756891008123,modeled_importance_sampling
5000,45,q25_22_17,20000,2.8518518518518516,13465,0.0170510224005502,0.016712071939266267,0.017389972861834132,115.03459856363376,0.017130919123608236627174451011520046692399825486050452032828600717715451831018872,-0.0046638900389139315,modeled_importance_sampling
5000,45,q60_44_41,20000,2.7417417417417416,12241,0.00020821539333285686,0.00020290972172510547,0.00021352106494060825,26.223514308808273,0.00020684880450236931098885403817499670640121212294424937454858714747934814135069406,0.006606704030875343,modeled_importance_sampling
10000,10,q25_22_17,20000,20.999999999999996,13402,4.307654943154842e-12,4.180248259823333e-12,4.435061626486352e-12,2.3732115466485877,4.3825897801590762215961286200054486034629075473997785289966890540999506564276391E-12,-0.017098300494260334,modeled_importance_sampling
10000,10,q60_44_41,20000,20.189189189189186,11833,1.537165100170778e-27,1.4810851447629185e-27,1.5932450555786373e-27,1.129020032782366,1.4805125675257401016770494284122499444186605373444873396837591406184225833476488E-27,0.03826548581057752,modeled_importance_sampling
10000,20,q25_22_17,20000,9.333333333333332,13492,2.545488559928422e-07,2.476067300941183e-07,2.614909818915661e-07,5.6091906776569544,2.5576896301100278999162952050896118082822069487859983404352631983253548823591536E-7,-0.004770348222853384,modeled_importance_sampling
10000,20,q60_44_41,20000,8.972972972972972,12179,5.656226077513517e-16,5.460376280179372e-16,5.852075874847662e-16,1.5530595202582405,5.6320096696926267328478001331641272668373396480336761919726625980096436939029811E-16,0.004299780938091306,modeled_importance_sampling
10000,25,q25_22_17,20000,6.999999999999999,13383,7.087038098178108e-06,6.9014369952646344e-06,7.272639201091582e-06,9.26170448610245,0.0000071516413726736710850534256905462892181846788241798414745051793202684736140283912,-0.00903334928711769,modeled_importance_sampling
10000,25,q60_44_41,20000,6.729729729729729,12032,1.7574560233532213e-12,1.6987708658849955e-12,1.8161411808214472e-12,1.0001275736618103,1.7586992211941833506888772949467909494776765180921962903883099019896927552218033E-12,-0.0007068848532939592,modeled_importance_sampling
10000,30,q25_22_17,20000,5.444444444444444,13492,9.555983841796374e-05,9.318489800134671e-05,9.793477883458077e-05,3.1608644283973133,0.000096630997568043271897030723204580512698696732177224607580675062764471425736681792,-0.01108504700394166,modeled_importance_sampling
10000,30,q60_44_41,20000,5.234234234234234,12194,9.181699832967696e-10,8.889378119986747e-10,9.474021545948646e-10,3.774779202054183,9.2756156920663417328779957117142469855946225812113602332189972213359515970344342E-10,-0.010125026975726715,modeled_importance_sampling
10000,33.33,q25_22_17,20000,4.667366736673667,13505,0.00040386602065582553,0.0003942336717266499,0.00041349836958500116,14.791871236105553,0.00040787310804390399105119453108022498256224746274601230318565123350481448762373690,-0.009824348085353872,modeled_importance_sampling
10000,33.33,q60_44_41,20000,4.487159526763487,12322,2.9360302971445348e-08,2.8463919813201475e-08,3.0256686129689225e-08,1.2653493225303984,2.9359721152839684608573937951251098782718720168312940704118268908905445732425583E-8,1.9816898213528083e-05,modeled_importance_sampling
10000,35,q25_22_17,20000,4.333333333333333,13554,0.0007893225252614708,0.0007711255770291428,0.0008075194734937988,26.848252821625014,0.00078121300094173740950877203542443791537146808387692212942504524399880631868707207,0.010380682745880462,modeled_importance_sampling
10000,35,q60_44_41,20000,4.166023166023166,12147,1.4022531671226821e-07,1.3602854936106853e-07,1.444220840634679e-07,4.8764136149913915,1.3904643200911694089422887239812066118881569181573601440037250647873507200239160E-7,0.008478352778401192,modeled_importance_sampling
10000,40,q25_22_17,20000,3.499999999999999,13490,0.004219372817461267,0.004127470973633752,0.004311274661288782,54.21476693785158,0.0042840434739384502270931198678873173252116311758091833804760956868678153139084626,-0.015095704997066601,modeled_importance_sampling
10000,40,q60_44_41,20000,3.364864864864864,12256,7.951345478072257e-06,7.728980640821042e-06,8.173710315323473e-06,3.7707164016771135,0.0000080249159019128506072711871838804930809200551519608698339143101116254224220840311,-0.009167750134684535,modeled_importance_sampling
10000,45,q25_22_17,20000,2.8518518518518516,13571,0.017139448951653775,0.01679773924915624,0.01748115865415131,101.84658711504584,0.017243809579812518111823351246114788918690676502545821449156749326732220940412557,-0.006052063360808567,modeled_importance_sampling
10000,45,q60_44_41,20000,2.7417417417417416,12319,0.0002153512403392558,0.00020989920974524463,0.000220803270933267,7.313805839945654,0.00021532939491496571322284543378264005019032122391095338631008299068582000812495260,0.00010145119433746427,modeled_importance_sampling
15000,10,q25_22_17,20000,20.999999999999996,13521,4.681024128934704e-12,4.546161829473499e-12,4.815886428395908e-12,13.716722542434722,4.5480283799951504124135441945170859993422447490079753927036928868730050982807897E-12,0.029242506384644724,modeled_importance_sampling
15000,10,q60_44_41,20000,20.189189189189186,12055,1.9039012502675606e-27,1.8338461125821634e-27,1.9739563879529578e-27,1.205349918483883,1.8586739127198008334422819428265815793223567970626598602749776681277169496566474E-27,0.02433312117754885,modeled_importance_sampling
15000,20,q25_22_17,20000,9.333333333333332,13448,2.5456248359969883e-07,2.475539449085483e-07,2.6157102229084934e-07,6.4891136194626355,2.5943485189834357087207938495961295139527284599626169930683696190950729930769567E-7,-0.018780700676846302,modeled_importance_sampling
15000,20,q60_44_41,20000,8.972972972972972,12253,6.160194044438339e-16,5.946343531186673e-16,6.374044557690006e-16,3.0188791359978366,6.1434910010973628367143632689522565036171174005133410490155747725412786164585911E-16,0.0027188195340389744,modeled_importance_sampling
15000,25,q25_22_17,20000,6.999999999999999,13492,7.074672313277094e-06,6.888357360990754e-06,7.260987265563434e-06,23.281879161501937,0.0000072217449363392826398692140335506230676521505894024882327358940637998544871139629,-0.02036524750716827,modeled_importance_sampling
15000,25,q60_44_41,20000,6.729729729729729,12102,1.8181806840793002e-12,1.7568208103815515e-12,1.879540557777049e-12,2.7643353818191394,1.8666165662488921421292869433242109352190107736040747649153196173858966591694341E-12,-0.025948490464181153,modeled_importance_sampling
15000,30,q25_22_17,20000,5.444444444444444,13493,9.701703214289759e-05,9.46142905897811e-05,9.941977369601408e-05,11.497838377054403,0.000097292202897993557485925750561440876702092530665582312806078692444503647875460770,-0.0028282919586523443,modeled_importance_sampling
15000,30,q60_44_41,20000,5.234234234234234,12284,9.849743873649486e-10,9.54052424668361e-10,1.0158963500615363e-09,1.5314388316194998,9.6698327299613452966959262570367158044615540648496283225056465868339134544319575E-10,0.01860540391052451,modeled_importance_sampling
15000,33.33,q25_22_17,20000,4.666666666666667,13518,0.00040943802440709785,0.0003996932103730271,0.0004191828384411686,21.356414705446102,0.00041062384358879844040392329614134076176945589290649572163659557267402527101344478,-0.0028878478447249595,modeled_importance_sampling
15000,33.33,q60_44_41,20000,4.486486486486487,12240,3.022647133774647e-08,2.9299756781277934e-08,3.1153185894215e-08,6.60053666980586,3.0437169008362148294637285608820216833017755946239128561573571375976603600086202E-8,-0.006922380677315696,modeled_importance_sampling
15000,35,q25_22_17,20000,4.333333333333333,13586,0.0007923076378106052,0.0007740063759755369,0.0008106088996456736,26.628604258461316,0.00078494873539415793312853713732849893577517682433545137974053320604993095582158165,0.009375010219937524,modeled_importance_sampling
15000,35,q60_44_41,20000,4.166023166023166,12326,1.439103793337019e-07,1.3961512784160122e-07,1.482056308258026e-07,3.80292339562054,1.4315335474973056136899487664267553643639889332378562646981551175970536712399475E-7,0.005288207079008489,modeled_importance_sampling
15000,40,q25_22_17,20000,3.499999999999999,13566,0.0042976346892557886,0.004204522584682475,0.004390746793829102,38.40453602067199,0.0042981361327943418935773698582827105009955643776335010591584103611509472340500165,-0.00011666534587569955,modeled_importance_sampling
15000,40,q60_44_41,20000,3.364864864864864,12266,8.140526399851297e-06,7.91339758403571e-06,8.367655215666884e-06,9.948200446021872,0.0000081872306645840998402527414927888165592652149600025820148989852197463828247943794,-0.005704525332947285,modeled_importance_sampling
15000,45,q25_22_17,20000,2.8518518518518516,13550,0.01716135534126783,0.016820085147618628,0.01750262553491703,255.46811468349088,0.017281483214411027013638021595651322783752888839211396964928513435400321623990194,-0.006951247856030227,modeled_importance_sampling
15000,45,q60_44_41,20000,2.7417417417417416,12332,0.0002156758414776678,0.00021016143266266294,0.00022119025029267264,5.1853517024087035,0.00021820938355132225263089363324236246571667639038783310658812277570880239535266512,-0.011610600939434716,modeled_importance_sampling
